path,bytes,sha256
.gitattributes,391,5b2914064c5f8f69a5ae6c0937b9e394f2f764b7d6a2391710ad48df67afb1c0
.gitignore,359,55c2e0f3a2eef319f2804feca2c95d4bac359872ae73dea6ea04ce9758ef6907
CHANGELOG.md,700,d2287a91c16cc77aab24b2eeb27e68aef3d1949c8f8917f050b4fa18e5550553
CITATION.cff,170,768f9908bc0eb086928ac682ea92555fda399bc9fa48a0a59fda95c1473d6ee0
CONTRIBUTING.md,246,e01ddaa2f9177a7ff24dc1703cdbcb7509d29e368759271778b35eb24d83fcbf
LICENSE,1105,938a0f5d29e886526939f40c0686093c211f9601e1e91ade9aaa588ec7384237
MANIFEST.in,362,268f6021d07dbef3dde1f8775bd7a3275452d44f299c8a18bf2e01455d945b4d
README.md,6610,1f507f8242dbfa692e5859116b2c5ddfcfbf001e199abc2d74e89fa692d0eecd
UPLOAD_CHECKLIST.md,423,1c745cf7371c20f95efb6f0a0574e02fba0136602c03a33e0c1db5528b0a94eb
docs/ADVANCED_CONFIGURATION.md,6021,eac258859b721bb458b102ca784c81db138807d910d7c518f29163585f4aa8a2
docs/API_REFERENCE.md,16998,2ceaf5f3724795521f36d5cd3e60fc6a41ee7c9ac99c63406deefb36ba8a80c3
docs/REPRODUCIBILITY_ROUTES.md,5000,34bae3bad6b35489992a8aefa17201ab4cf106b256793f8eda608e6de736f5a3
docs/api.md,181,930170a1da2224bcc69e3294edd5debeea6f6a6aa26be915cce75378a3fd27ac
docs/data_access.md,1872,145170760bfe3bce2eae237be6c1ef003b0028d98b9203f06340852d5b8fc6a1
docs/installation.md,2479,8298c32e6130d87a9f162282483b8176bb671f4070fe8d5d095c041c453e0150
environment/encoder_checkpoints.csv,1609,87d5bf76fb948f15c91a4ead022afcac93b66a9da17fef96a98c078c1998ce7d
environment/experiment_requirements.txt,1110,c6fb17f97d7cc86abbd2c20e02ae683d97841a30007932b16512036453fcef6b
environment/source_changes.json,349,6feeb3bba6f9e7764419c1d1776d600d3c6dcefdfa8c8d33ac9354d5bd7a2595
environment/source_identity.json,4371,881f63bc7906458a2b4dfacc59414b6ab9d6ad7b2c9eedfdac7427487f27002f
environment/validation_environment.json,197,a82791b6d0abf22ff7c84cd57c850f13d6d58f658d22fd2869611e5a4ec8b8af
pyproject.toml,1702,0cc251fe37b3bd79829d16325d1528f80bca16b83f9c12a126f4bfea9582c646
release_assets/INSTALL.md,2479,8298c32e6130d87a9f162282483b8176bb671f4070fe8d5d095c041c453e0150
release_assets/checksums.sha256,102,00c7431da7bf1eb20c2f9b073380d830dd5c8802a2eddce09ac6c793a4ff8c51
release_assets/lookagain_ml-1.0.0-py3-none-any.whl,131241,d295d1f8bbb4d8cb7ebe189920cc968270810bdc9847bb46c2a9bcbcd84e206d
replication/__init__.py,0,e3b0c44298fc1c149afbf4c8996fb92427ae41e4649b934ca495991b7852b855
replication/_common.py,6421,91648dfe389b726f4e1061d64e438a150fcca7e45d2393999fafb9bd890cc052
replication/_progress.py,6375,40e3b2d69d468c37697774754a402f90a0deec2e090ae6f0e9b9fd9a8b4027c2
replication/_reference_features.py,10094,63b1cecc1a9572da9d68e7bcdb87c29958a0b496c3aae8e9f1a9d07ca4266172
replication/local_inputs/README.md,490,cde5c19de5794455fb58c7cf5bf89e4e1583ebf30926048e34339e59e1926740
replication/local_inputs/manifest_schema.csv,76,cb5328a9b63e63fe99652ce13e6b191241a4ea9d7edacecf3b9e612152753b3c
replication/main_paper/README.md,2965,d1532d6c4df3828fd172c74f25a48a9fdc45c85e4f87446752ae7e096645cfe0
replication/main_paper/aggregate_results/continuous_age_fixed_metrics.csv,1290,f0c92e58d57365114fbdf6013b871380817f7dc270698cac8201eb5eee08d081
replication/main_paper/aggregate_results/continuous_age_within_five_repeated.csv,893,95f4462decd08630abf04b2d447f9968943630c1f76728c90ecb329a7c1dbf34
replication/main_paper/aggregate_results/correlations.json,11633,c6cd1ddc4d7c23d836a401e9b2f062d2ee1ee3b38389527415ef51ffc8e83972
replication/main_paper/aggregate_results/cost_records.json,44514,32916df9ba87e7c7db3d09c0b600c72749bb2f32a025345d63bfabc23fa06b77
replication/main_paper/aggregate_results/diagnostics/age_near_duplicate_sensitivity.csv,263,1137689341315a7c98a0a78b00310035699f4f35b0b443692a1758770b4dde55
replication/main_paper/aggregate_results/diagnostics/common_128_control.csv,2686,1db713a11bcb3379a446843dc6c73d6c69b4ff0c7459e7d65205ccd12d90f585
replication/main_paper/aggregate_results/diagnostics/horse_grouping_audit.json,819,12aa177e1b4c20e51d0f809635ca0a86ba04f3bee8e82d67e28775db3367b308
replication/main_paper/aggregate_results/diagnostics/light_adaptation/averaged_prediction_metrics.csv,203,829e4b54adf64c7eaaa79e1f9b6815694737765d1d6e6820da512eee9c210bb4
replication/main_paper/aggregate_results/diagnostics/light_adaptation/paired_bootstrap.json,187,ce4708f56632eaf80179fa422d4ad486ecf466303796bc73f064ba6cce90ab1e
replication/main_paper/aggregate_results/diagnostics/light_adaptation/seed_results.csv,969,703cf9352cdada62a052c250f1ae7f2b3cfe35ac77205e3e54ba9230d4da4886
replication/main_paper/aggregate_results/diagnostics/light_adaptation/summary.csv,560,3e7e49912ab2d3e2ebbce184c6596709ca6bf92539c3535e500479fd8648c233
replication/main_paper/aggregate_results/diagnostics/logme_rank_diagnostics.csv,741,9481e52c4561098f6df722eaa1d04827ef5cc86d1f668cd3d9b3a1a32f792d9e
replication/main_paper/aggregate_results/diagnostics/logme_scores.csv,4900,a87bf0e6d02e9bc6f77a8153dccd86d8f2fc35fb611c8331ae18657348bff37b
replication/main_paper/aggregate_results/diagnostics/matched_capacity_split_results.csv,2895,bf76a1d26ff1cbc6792bc41a88baa470b99472fd17e591d476ffa84ef4ee92aa
replication/main_paper/aggregate_results/diagnostics/matched_capacity_summary.csv,653,24b3d4746e9a6155cd3d56a0225a55863725e456e13a7b6eb861c2270b180f2b
replication/main_paper/aggregate_results/diagnostics/rice_easy_manifold_sensitivity.csv,249,3c202bd038a6995f8c9d1689eb36288bd75e93ce459080df247cac8c8b91dc48
replication/main_paper/aggregate_results/diagnostics/rice_training_size_sensitivity.csv,2606,3bafd61b181bf7a787a3d87dd3d068f2e27aec7f444a494ff0c99ed89c508e63
replication/main_paper/aggregate_results/figure_intervals.json,782,447353fe6039fa27b92d7493047a3b30f7125ffde4a90f1ba14d73c556ab87b4
replication/main_paper/aggregate_results/fixed_all_methods.csv,19433,0940448ff53891287e6eb8eb80c0f744c369e07619dc239adc691ae6ba420760
replication/main_paper/aggregate_results/fixed_headline.csv,2114,b83e7617c4c47c993f4ce036df4165bf9aeb1522bc380d25401aa2773fa9b5b3
replication/main_paper/aggregate_results/fixed_paired_bootstrap.json,16605,ab84ee219573edf90dbb43d312c50b25bb67c8e336e564c6d25d138e679acfa6
replication/main_paper/aggregate_results/neural_head_metrics.csv,10288,ffedfe4bd80789d66f09ff6900eaa39ff972fb7db9f7caa3246be08602783d9d
replication/main_paper/aggregate_results/repeated_all_methods.csv,231958,08213a939c70987cb3a98fd125081b0dd6f69d14eb3be2a28dc9d089e61f3155
replication/main_paper/aggregate_results/repeated_selection_diagnostics.csv,8952,12adf947e49cdb0ba367f1fef59af1768e8b5e031e7c3364c409f40b24158fda
replication/main_paper/aggregate_results/repeated_summary.csv,1781,20cda3f7d4fece29c7713c3003cc1333306ed0c74da85ff7b3d86fea8e0c0aa8
replication/main_paper/aggregate_results/sample_counts.json,1136,696e7c7479c4ef2137c4d104d59b4b53c3b935061418cbb5920a9bd58a2ae4e6
replication/main_paper/analysis/_common.py,6421,91648dfe389b726f4e1061d64e438a150fcca7e45d2393999fafb9bd890cc052
replication/main_paper/analysis/_reference_features.py,10094,63b1cecc1a9572da9d68e7bcdb87c29958a0b496c3aae8e9f1a9d07ca4266172
replication/main_paper/analysis/diagnose_feature_concatenation.py,3350,c9f1d51d2f78363cde3091482360d252315a20abe8b8a355a726b0208b052ded
replication/main_paper/analysis/diagnose_repeated_feature_concatenation.py,4808,d8ab7924d1abd11353127f1116fdec8168004d95c7d748d2caa031b5971a7dba
replication/main_paper/analysis/generate_cost_table.py,3253,ead9d06d436406e9f195fceca5a81496cdae87130eb25a7b20737cf8d4cb899f
replication/main_paper/analysis/generate_manuscript_figures.py,6861,ab1e1d148cd21190864e15ff3d95befdf8a4efaefd3f5343d37ab5d0af3b041e
replication/main_paper/analysis/generate_manuscript_tables.py,12403,fe0e3ff1b0f0ec20909b6461a78bfb295397d969517eb91ef23c9b4265778e1a
replication/main_paper/analysis/generate_neural_assets.py,5980,1c394b624cabfd08c1a48f8627c343ce1781d5cb0e8686f24f1a26fc0cc72dee
replication/main_paper/analysis/run_diagnostics.py,12070,ed289d6b2ba8b99b5e436315e3f3b181980ea1f687471e926b674e5e5596bbd0
replication/main_paper/analysis/run_light_adaptation.py,8730,ca0bd7eecbc111a5411af216f03fcb651d8a7dbb7438df1df883621625ab55a8
replication/main_paper/analysis/run_nested_protocol.py,11584,cf1c873c12648004bd7700a1214575c6724b0ea55bdd3a37e4ae763215b3b0ce
replication/main_paper/analysis/run_neural_heads.py,5912,a4ea18f0ec509cf96b90e1f0957cba01bed0f95a2022c3c102276437e9f06e04
replication/main_paper/artifact_manifest.json,43833,13086354f5043ee01866d61e3a819990730554b6c353641b79b50d05e9bb2a3a
replication/main_paper/configurations/experiment.json,4224,b6035c8d6cd95f55553299cf8afe3633f6f75d2aa5274ed66c6592383b7e7b88
replication/main_paper/figures/appendix_horse_correlations.pdf,23228,7ef2a9c18a809fae5cc2b0294bd451ad9b5786a00442e16ea03c170574bf13e3
replication/main_paper/figures/appendix_house_correlations.pdf,23347,a4b7165296d464633cda5721cd3508e5e72af34d3e999b79cb34b6d69ea848f8
replication/main_paper/figures/appendix_nn_heatmap.pdf,20594,73cebdcf29ba935c25e1e2edd19b6ca191ddb97748559562f128b9b72bf0f39f
replication/main_paper/figures/appendix_nn_rank.pdf,18678,ee9acdb796531cf350201d42fc6443125cb0fbd90d3d913b911871f03485ffa4
replication/main_paper/figures/figure1_motivating_contrast.pdf,29869,86e93a5e0eba46c9c56cba8e82a8ef8a8f85264307eb4822c024c5750b3db04d
replication/main_paper/figures/figure2_cross_dataset.pdf,23237,64b1238831709b37f07e07e35c8ed44cb193493cd3c3fc26c31b0154555f0032
replication/main_paper/figures/figure3_nn_robustness.pdf,20895,beb95804dac3dda5ee4d44d2986b53c45cdf55258f4565c3cc9783b5e5fdbd38
replication/main_paper/paper_map.md,13440,e83a153cd35a9d795f1de8573176d8ea6513dca2790734b65aa0e7a0bddffe94
replication/main_paper/scalars/cost_note.tex,766,87ab7ca40f5d94b57ead308b0c68f52e564a091e06a356306519ef146cf4ba0e
replication/main_paper/scalars/nn_scalars.tex,225,d4faf83d2c11b7606cb71055198ed75e4f258e288613038ec71b1492c69a77fa
replication/main_paper/scalars/scalars.tex,4012,fbd9f8600df4c5b4ccd2fa60e010c278b2fa9c8557a8337e386f35b804da9b3c
replication/main_paper/tables/generated_age_nn.tex,409,81f87cf0d2b6acb090d271d1f0a2f5410148b9953e8823bf39aca25f9df2aacd
replication/main_paper/tables/generated_combinations.tex,422,4a559e400085c9cad76dc77791a6d62450966e87e47eb35ec402b2cdaa24d964
replication/main_paper/tables/generated_cost.tex,472,6dc9cf2f1a129900d28e8ae7e6c89fd592b52b846d6dbbd976ced68b30a8808e
replication/main_paper/tables/generated_headline.tex,733,c57a416c6e3cf70d8e4edfc7b8e70dfe75f10821efeb900db198e1b9d86b89d3
replication/main_paper/tables/generated_logme.tex,385,b0fe755b855ddc8a3d8b9441af5311f2e0d5b9f838c17ac9cca24c590c5ab02b
replication/main_paper/tables/generated_nn_motivation.tex,678,5a2ff06b5ec44002bdd885946b47740bee1150ff7047d68259dd9d8ced5e0074
replication/main_paper/tables/generated_repeated.tex,564,faf1fbad93bb707849883a0d2fdcf67d8e0b673ad9019d59b08e0e01e5ac0443
replication/main_paper/tables/generated_single_classification.tex,527,a7c097f83672b85927e992ff518af5618462fd8e682ab1329efecf5b0d6d13f6
replication/main_paper/tables/generated_single_regression.tex,532,fabcffc93d81eedd731bad5f30c560d9e22a282bfab71a9bb0ad3d10eebde495
replication/verify_checksums.py,1336,14908b284f49e752a4be5a1990b4ded5879109df282614610faaa736d03e013b
setup.cfg,38,1c473cbaee8da5fc46e7f0158794af5cea4414c34a3cf3f180c2001f5e38bd3e
src/lookagain_ml/__init__.py,3233,52b25be8dfbf31e9bd8f29e4889d35008e0a548502f72730a6e06623ce652b95
src/lookagain_ml/_version.py,184,cc248fcac629e173b22bf002c453cd9809fab33d660980e790e84df23f3548b8
src/lookagain_ml/api.py,95672,5140d2629a14b1363cef9c6ae4aecdc7db3905e50d04bcd04b2e97be7e5825a2
src/lookagain_ml/cache.py,9818,cabc32abcc3fc43e23c44a0b54fc9f787e7c5a81c258bf47d2f9099aa999570f
src/lookagain_ml/checkpointing.py,26839,5e4ceec38c422de250abcc1d9a352b575bb821581695380f439f6616117c8636
src/lookagain_ml/combination.py,15695,8539c0c260bc6b16d6e4653c6137b59862bd69fd3b631dac01afa6f04707c582
src/lookagain_ml/configuration.py,13314,0aa4dcf3a531e6b15e1951846c2e9d626957cc4736346f7930bcc6510bc20a86
src/lookagain_ml/covariate_analysis.py,10889,b6529fae0605ca3ed9b5f52b4d7db7b16668e11f4ed1a92e586898278d5521c8
src/lookagain_ml/diagnostics.py,4110,359a9c4e85ad4c59550e1a095261ff1bd9121af7b44cba317cb2959c287caa20
src/lookagain_ml/encoders/__init__.py,2150,992406cab70576f832c498116e3c070874c697a8a268c06945443a9384f484ac
src/lookagain_ml/encoders/base.py,1622,6e0c69971069b6a957135da97241b083275b46f38ca0826d97de4a2150fc7bcb
src/lookagain_ml/encoders/huggingface_models.py,8526,b88933bf623901ce3b0fd1e1a0f46d5f053711510f9ad6ff4ed8d5d43ec48960
src/lookagain_ml/encoders/registry.py,2176,1e773fa81eb0194b70253097dedb7dadaf09b5178a3a850e2949cdb385c07ac0
src/lookagain_ml/encoders/resnet.py,8256,cb93edc2992b362cbc991df72eab142126a3d98b2956da757073474113271a74
src/lookagain_ml/encoders/semantic_models.py,10800,6088c463b6fa11c2eaa0097e8607c57d68768b02bbf1349692cfe0a0194d02b1
src/lookagain_ml/encoders/torchvision_models.py,11380,004c8e8d2061148d5ba666bb2a4693a582d240104b75436647fe60aad75cfd58
src/lookagain_ml/exceptions.py,1122,16e31bfb8eb0b72aa3efe9d81698cf7f03e11bae9d939f188c4d062ba7ba1b1a
src/lookagain_ml/hashing.py,726,973eee99237ffabd77ea68f6808586a0a8827da4e9b83f280ff6527c5b9131bd
src/lookagain_ml/heads.py,13177,a66771e91e12b6cf76892bc1fe74d2aab44b3cadbaabd1607ee903679f482fa9
src/lookagain_ml/honest_neural_heads.py,539,107afa5b010ae52821595c588d5bd9fe877d0857adb90a6544631a39f70cad62
src/lookagain_ml/honest_selection.py,480,f59299d335792530fadef2ac51bdc5f66850a066818262df1ab0360d187405a0
src/lookagain_ml/images.py,8578,c90677909a63167d54652f8469367e75734f757709678816aed70d4ce6b15d03
src/lookagain_ml/inner_selected_neural_heads.py,7679,a6bb3bfc3b39a7b1e91af19f64bbab15b26c34273dfd31e46e86804a6192decb
src/lookagain_ml/integration.py,16854,c2452d1a61eacf3962410b732117cc71795e3bd32eff84fdbd89180ed7a5b22b
src/lookagain_ml/logme.py,3180,585a68b91373c95b5afba1579d464dd0d5605726623fd1fefebdb98091d5115a
src/lookagain_ml/metrics.py,5477,e7279c61b43a1f57db6606b045006e001383d99c339eb7354c9826dd0ca2cecd
src/lookagain_ml/neural_heads.py,16382,cff006ea8ef460f718049ec2530fdb3cdb689a442b3aec59477dd1ea8ed04904
src/lookagain_ml/paper_regression.py,18630,442505c0077cafe8627e4c13f6529894ffd46303957bff6c58eacfe2fbff1573
src/lookagain_ml/progress.py,13520,dad8fd39e230a2584dc5d3ee0ad52ec5cdd6aa1d7ff5894f3ca6e17e280fc024
src/lookagain_ml/protocols.py,5468,2c70ac82e58559cbb1febcbf25a77ebcf12ae726c6cd0a7d42495421a77b0cea
src/lookagain_ml/py.typed,2,7eb70257593da06f682a3ddda54a9d260d4fc514f645237f5ca74b08f8da61a6
src/lookagain_ml/result_checkpoint.py,26485,0c8e87c3a50cd6db13c8f3810acc58a8561f1aefef4e0af7004a019971a3f0ba
src/lookagain_ml/results.py,31265,8cb09371c8222b89d157fe822e81ec34781cee2970cd3bc596cae90b0b447720
src/lookagain_ml/rf_score.py,13294,3a4d639e3ea652164dde9d77df70013b437a6237962b70c75deb23a367b79788
src/lookagain_ml/runtime_validation.py,6905,ed526fd71c573e816f5927d683e0b38d052e64f83211662c514262440c8a8f2f
src/lookagain_ml/splitting.py,11853,5ae5fb52659838b105677a4ce133c20ddf476c65f2233d2975770cd6254c6a77
src/lookagain_ml/stability.py,15867,b66af8329574ea99d00bc9c4c2229cab82ee695afc3c088c080309ce6154f496
src/lookagain_ml/stability_xi.py,23166,a8c4d7e7da54916eee1397611082b0899bf0d885e02026634557008bc174e796
src/lookagain_ml/structured.py,28363,442e7128751715422727028d45c795701279a2c00b0b3789bad4560e0429f15b
src/lookagain_ml/uncertainty.py,5595,10eac0f8b99d2ba8dab918562901ffa2843e33921012a79462f6ebc7a6b08324
src/lookagain_ml/validation_selection.py,25271,fad2941c779cba3eddf3e32c39a7e875580b41e27c99c973691c6076d37d1da5
tests/conftest.py,3066,b423c24282f5f8ad01a0b3f00d1eaf48af6374234cf61fe5d07c3e0392f789f4
tests/test_cache.py,5690,46c0a2a708e429d362674d360b38f616113d947396d9cbe5013d6fa96828edf1
tests/test_completed_run_recovery.py,29051,f053bf5a15f27a245c862b11f03b239be0946edf84ed490a75d2111b15c56c9e
tests/test_hashing.py,453,0bcfab6f1605fe6229a3b0cfc4268fe4ca4bdfbd9c1b1687392fa0d05fe9ffd1
tests/test_heads.py,4107,085f37eae8b21f08f56aa253a148a5ad40089473b62979e419642c1b2cb16316
tests/test_images.py,2891,a4a74ff7818fe850f27b134bcdc51a6d23f65d3c37fe3391f39a3b722f0a8fe5
tests/test_inner_selected_neural_heads.py,3648,0236a5eedde5c801a9e66719a1a2b5552237755dde71d687d604a04da580df92
tests/test_legacy_compatibility.py,3776,78d77a523c2f374f79b35a6ea5da119ae8686f0b07d90d7fc456e846eb82884a
tests/test_metrics.py,1180,85b029850479bfe5c133e3911f142dea91f14b2e24e2c4f25adfb13c26626a2f
tests/test_modern_encoders.py,5367,046dd869e4adcae7bd052d4b89f933637e720376ee534e8660078f18530aaec5
tests/test_precomputed_features.py,4035,8adcc54bab1195f9d0fc2199052f13d78e3c3bf9da4a11ffd4a8d58bea92217a
tests/test_progress_resume.py,20768,a246fb1d609b40fcd80157620ddc565f739db71e43a541675152877ea2608ab9
tests/test_registry.py,726,bcc71cf98ed11335f7610f412038b5caf2ef934aa6563ea1c6336b38c901cb57
tests/test_resnet.py,3461,28c86e6dbd5431b3c66bfa205f138ff5797294480098e5e25230de4a76b766c6
tests/test_runtime_validation.py,965,978e5d886f10941856a21468238b022114a0aed7980cab0a4bafa5bbe4d2e6ee
tests/test_splitting.py,3853,370d8450561230620dcda7aa19c5fecd41e7e185645a40ac3a0d9a0910677961
tests/test_validation_selection.py,2516,fade08de80e9b65f857964e7df50fb03b4d45a855a5b184417f90ab878b9805a
workflow_demo/tensorflow_flowers/DATA_LICENSE_AND_ATTRIBUTION.md,1185,c1d491b64f5c4f37b99a66ed33b6293eae49ec9203cb3ae74006b914eb4a359e
workflow_demo/tensorflow_flowers/README.md,5850,0228acc1ecfaf9e84e9ae03afa598c338d85693f9a613ba59771910616449c45
workflow_demo/tensorflow_flowers/analysis/extract_features.py,2196,c91167340e1bcacb356931bd02ae09a1f33ff7bd2db77f70f7d2dec155ea16d3
workflow_demo/tensorflow_flowers/analysis/generate_design_cost.py,1947,13f8c94726170bc8a1b56a7d8ffd9c70db7415ad166a1e6eac47eb1d9fc19a8d
workflow_demo/tensorflow_flowers/analysis/generate_flowers_artifacts.py,9025,748a37f7ea8aacf780ac5bb187528726372ca98cf5049c49a2265acd82519358
workflow_demo/tensorflow_flowers/analysis/prepare_flowers.py,13349,23c2d19369a7fda9b83d8b4e1460703d4c40f3284a9d04b63d31e72d44f03e37
workflow_demo/tensorflow_flowers/analysis/run_flowers.py,10848,22c59bbdf67eed7cd71b0e55ba1d08c60c3ab086871a8e848ebdde4279973052
workflow_demo/tensorflow_flowers/analysis/summarize_run.py,2508,45ab266ff9494fe6aed8ac54d7e988fc5282cb92b9542366dc3ed616f3062155
workflow_demo/tensorflow_flowers/analysis/verify_reference_results.py,1038,c16ae92a0ea0927186e5be5f2c950b3466a48e4271d9850e42b24f16696c035f
workflow_demo/tensorflow_flowers/checksums.sha256,2627,75405042aea25e98c666c2f4fbb5c0f6118ba0980a67e3529ce89d8b86405fb0
workflow_demo/tensorflow_flowers/figures/cost_performance.pdf,21396,9ab5311227808f39163a38b4d8e5361a9a13d87f910d294e2d6f8749e80d041d
workflow_demo/tensorflow_flowers/figures/paired_uncertainty.pdf,14101,94ebd1bf88cc2b568cfb8ac5d075bcf4459e1f13ee6316f25868f023d7427432
workflow_demo/tensorflow_flowers/figures/split_stability.pdf,15335,4beda02d9d898b5bd63ee8facc2db25406be2e3b6c9a52d89ebf4eaa30c0308e
workflow_demo/tensorflow_flowers/figures/validation_selection.pdf,20256,11ee2be626c4b28fa38b86b9fc0340e57f419a429753fd98aa6b32382ab4c64f
workflow_demo/tensorflow_flowers/lookagain_ml_flowers_colab.ipynb,11388,816d72b21a9460429cf3020516dadbab15a2f866d7b330b9ab808c3ccd5000d1
workflow_demo/tensorflow_flowers/lookagain_ml_flowers_jupyter.ipynb,10497,038ea213c811bbe45b7f5205b939cdae702c2cd86f060da1b232389e362695a3
workflow_demo/tensorflow_flowers/reference_results/extraction_costs.json,3918,54c4477e0bc8e59d57e0bcac6b85f5f71113c91a214a33e081749fb72003c89e
workflow_demo/tensorflow_flowers/reference_results/fixed_metrics.csv,2301,2227f86a0d38603917431f5fb64596f76b1b9ff534d96c899d4d675ff1f9572a
workflow_demo/tensorflow_flowers/reference_results/preparation_summary.json,1072,ce37944100bbd1ee8e528b894880868f67325f6e2c3db191dad9e552a1aff498
workflow_demo/tensorflow_flowers/reference_results/repeated_metrics.csv,25778,107bbf4ec71ef166fe32fc27e532860c522db5ce297ded820e3771fe1e37984e
workflow_demo/tensorflow_flowers/reference_results/stack_vs_selected_paired_bootstrap.json,463,d1008c35d0d14a010e20f41b4530f8775493f9d349ec366a6370ea9251783c40
workflow_demo/tensorflow_flowers/scalars/flowers_scalars.tex,821,24e498c2ba757e83158e63befb1e4acfc93b4d8449e5f496d0bea33679514d16
workflow_demo/tensorflow_flowers/tables/computational_cost.tex,473,00aef8b10ba28754c1c3bdedc9b159ebbc17c6376101dd4fcc4e7427b02d9371
workflow_demo/tensorflow_flowers/tables/encoder_performance.tex,843,53adc0443b5832d8d06fdd7a0892521d5d1b97518aed741abbcdb6db59e30be8
workflow_demo/tensorflow_flowers/tables/paired_uncertainty.tex,454,ac65822a884b82aeb5cac39fd31a45aa64c98a59ce8b3425370f9339709659d1
workflow_demo/tensorflow_flowers/tables/split_stability.tex,483,aaad85aab8f44e1af66e24206a4a69ae74cee763667400e2feb4e4aea11b2da0
workflow_demo/tensorflow_flowers/tables/study_design.tex,387,77737e9594a1f7c54ee46eb5051722b96b7b38e13faa4eb937184fba4da691b4
workflow_demo/tensorflow_flowers/tutorial.md,3841,f79c4fc66fbf7545af07cc9ef6cb6932878fa4d0dc8b3838ee39498cf02d0e82
