dataset,encoder,logme,validation_loss,test_primary
toronto_houses,resnet50,-0.456735506892562,0.1467714093752286,0.3964002479810797
toronto_houses,vgg16,-0.4763019512114998,0.144812248671478,0.3868490517659286
toronto_houses,inception_v3,-0.425705852407866,0.1379710350885468,0.4199813429306219
toronto_houses,mobilenet_v2,-0.45020294000627076,0.1483090881278364,0.4194789242534907
toronto_houses,coco_deeplab,-0.6832715530104126,0.2355951402716706,0.0083914104792114
toronto_houses,ade20k_segformer,-0.6167539167182222,0.2140992174651672,-0.1254376010340017
toronto_houses,dinov2_vitb14,-0.21622422899027083,0.0897842784590562,0.6206632548463917
toronto_houses,siglip2_b16,-0.18116429615361013,0.0813580699730713,0.6286643004442358
toronto_houses,convnext_b,-0.3653255996357232,0.122692072160886,0.4848934898729778
toronto_houses,vit_b16,-0.4039107795517911,0.1250396396042117,0.4481841504774153
obs_horses,resnet50,-1.4069101323148285,0.8672800452039693,0.0293232637875535
obs_horses,vgg16,-1.40825375822455,0.866652391589311,0.0290938071035465
obs_horses,inception_v3,-1.4043991885055065,0.8668947021189434,0.0350461562453271
obs_horses,mobilenet_v2,-1.404597487460384,0.8531393819462549,0.0405084108986569
obs_horses,coco_deeplab,-1.417216917351279,0.8869917836411076,0.001625626096806
obs_horses,ade20k_segformer,-1.4172363113473647,0.8875655016130071,0.0033072044269003
obs_horses,dinov2_vitb14,-1.3738050902040069,0.8101589358178207,0.1046078222922821
obs_horses,siglip2_b16,-1.4032480665224776,0.8503444133024045,0.0275022156044476
obs_horses,convnext_b,-1.4090283748928882,0.8635276543878238,0.0278941887925837
obs_horses,vit_b16,-1.409864784222052,0.8727577446350296,0.0194569046336602
breakhis,resnet50,-0.2279603327626228,0.5548827777388148,0.895482728077945
breakhis,vgg16,-0.3090800366088138,0.4773849407166291,0.8777679362267493
breakhis,inception_v3,-0.39699069436673573,0.5749598092977467,0.8379096545615589
breakhis,mobilenet_v2,-0.19803265183560861,0.6730037972858339,0.912311780336581
breakhis,coco_deeplab,-0.6327664050109754,0.7135565781927938,0.7280779450841453
breakhis,ade20k_segformer,-0.6347586053770845,0.7717804783665402,0.5093002657218778
breakhis,dinov2_vitb14,-0.24812569191757375,0.5578763696312269,0.8547387068201948
breakhis,siglip2_b16,-0.15538553756411924,0.5708627088459826,0.8777679362267493
breakhis,convnext_b,-0.18272741791816743,0.5590633554965192,0.9096545615589016
breakhis,vit_b16,-0.18847289539351844,0.725082920700724,0.8644818423383526
pneumonia,resnet50,0.003322318264959545,0.1874072841124812,0.9419134396355352
pneumonia,vgg16,0.009923674836842533,0.1805005153130688,0.9510250569476082
pneumonia,inception_v3,-0.01158929674319431,0.1663630828616651,0.938496583143508
pneumonia,mobilenet_v2,0.052719443544266054,0.1613158264643988,0.9601366742596812
pneumonia,coco_deeplab,-0.544700466773895,0.6077281704875944,0.7437357630979499
pneumonia,ade20k_segformer,-0.44262399038563904,0.486637736588233,0.8075170842824602
pneumonia,dinov2_vitb14,0.0021298202465234173,0.1447062247719897,0.9544419134396356
pneumonia,siglip2_b16,0.019636287315112244,0.1567794444520753,0.9441913439635536
pneumonia,convnext_b,0.0833724948282395,0.1430365933791727,0.9646924829157176
pneumonia,vit_b16,0.07080658248232108,0.1432225706832524,0.9362186788154896
facial_age,resnet50,-3.982166360309697,9.611767079259058,9.912405440614634
facial_age,vgg16,-4.080145750584872,10.536241570828825,11.201378032478416
facial_age,inception_v3,-3.9755814793982007,9.464904714706613,9.797196037127884
facial_age,mobilenet_v2,-4.003764139243798,9.914602571676689,10.07908981934686
facial_age,coco_deeplab,-4.602295789026885,20.03418950077808,20.50691273595487
facial_age,ade20k_segformer,-4.607910417058232,20.21783775796705,28.991671020357384
facial_age,dinov2_vitb14,-3.526053739814965,5.682657462935575,5.907829694664852
facial_age,siglip2_b16,-3.3444425207836077,4.767892473376912,4.786035031529857
facial_age,convnext_b,-3.9011741043988946,8.770902574795732,8.93385624692105
facial_age,vit_b16,-3.948481575145752,9.25901313644657,9.29783438662345
rice_disease,resnet50,0.26698996465748415,0.0223214001692168,0.997364953886693
rice_disease,vgg16,0.1162415422324555,0.0410776310727549,0.9960474308300395
rice_disease,inception_v3,0.22736580265292772,0.0556933961012937,0.9802371541501976
rice_disease,mobilenet_v2,0.23690168225387132,0.0126824238141161,0.9986824769433466
rice_disease,coco_deeplab,-0.5171250512970291,1.0820727000255974,0.5836627140974967
rice_disease,ade20k_segformer,-0.42216391551196886,0.829096682898961,0.6469038208168643
rice_disease,dinov2_vitb14,0.5655074595992671,0.0006915063878954,1.0
rice_disease,siglip2_b16,0.5828054660960957,0.0022649505774171,0.997364953886693
rice_disease,convnext_b,0.43435037213232625,0.0045925150834085,1.0
rice_disease,vit_b16,0.3815496047779156,0.0022912790882967,1.0
