dataset,split_index,metric,dino_advantage
toronto_houses,0,r2,0.1694149984698296
toronto_houses,1,r2,0.2010337973007742
toronto_houses,2,r2,0.1968776191707537
toronto_houses,3,r2,0.19209682702692732
toronto_houses,4,r2,0.16497006837328926
toronto_houses,5,r2,0.1562936745989511
toronto_houses,6,r2,0.172696059166019
toronto_houses,7,r2,0.15720192466575528
toronto_houses,8,r2,0.19196987716546265
toronto_houses,9,r2,0.1647287123793667
toronto_houses,10,r2,0.20243152678799753
toronto_houses,11,r2,0.17024003402827853
obs_horses,0,r2,0.0701496545867256
obs_horses,1,r2,0.0551594387044932
obs_horses,2,r2,0.0603681160265091
obs_horses,3,r2,0.063919783085617
obs_horses,4,r2,0.0902112484084833
obs_horses,5,r2,0.074224449791669
obs_horses,6,r2,0.082416469818387
obs_horses,7,r2,0.0650510207354751
obs_horses,8,r2,0.0700234388256198
obs_horses,9,r2,0.1063972952364784
obs_horses,10,r2,0.1080928353342357
obs_horses,11,r2,0.09097646774111659
breakhis,0,accuracy,-0.03767403767403765
breakhis,1,accuracy,-0.04097646033129909
breakhis,2,accuracy,-0.03122432210353332
breakhis,3,accuracy,-0.004277159965782706
breakhis,4,accuracy,-0.02298850574712641
breakhis,5,accuracy,-0.041984732824427495
breakhis,6,accuracy,-0.03062117235345585
breakhis,7,accuracy,-0.046744574290484175
breakhis,8,accuracy,0.018166804293971772
breakhis,9,accuracy,0.013355592654423987
breakhis,10,accuracy,0.03677130044843058
breakhis,11,accuracy,-0.021666666666666612
pneumonia,0,accuracy,-0.0022421524663676085
pneumonia,1,accuracy,0.0022753128555176305
pneumonia,2,accuracy,0.0056433408577878375
pneumonia,3,accuracy,-0.004514672686230292
pneumonia,4,accuracy,0.0034129692832766123
pneumonia,5,accuracy,0.0022547914317924134
pneumonia,6,accuracy,-0.005694760820045608
pneumonia,7,accuracy,0.018161180476730987
pneumonia,8,accuracy,0.015999999999999903
pneumonia,9,accuracy,0.0
pneumonia,10,accuracy,0.011350737797957033
pneumonia,11,accuracy,-0.004561003420752607
facial_age,0,mae,3.551324213829627
facial_age,1,mae,3.460991738348702
facial_age,2,mae,3.690147726106993
facial_age,3,mae,3.428909360245914
facial_age,4,mae,3.4999665849406236
facial_age,5,mae,3.615544402333769
facial_age,6,mae,3.4277735064549972
facial_age,7,mae,3.937238337322447
facial_age,8,mae,3.4060995423089464
facial_age,9,mae,3.501768211928699
facial_age,10,mae,3.371933494864926
facial_age,11,mae,3.3937575965223203
rice_disease,0,accuracy,0.0
rice_disease,1,accuracy,0.0
rice_disease,2,accuracy,0.0
rice_disease,3,accuracy,0.0022831050228310223
rice_disease,4,accuracy,-0.0022421524663676085
rice_disease,5,accuracy,0.0
rice_disease,6,accuracy,0.0022988505747127963
rice_disease,7,accuracy,0.0045351473922902175
rice_disease,8,accuracy,0.0011325028312572094
rice_disease,9,accuracy,0.003374578177727794
rice_disease,10,accuracy,0.0
rice_disease,11,accuracy,0.0011160714285713969
