seed,per_class,train_n,accuracy,validation_log_loss,C
0,50,200,0.9420289855072465,0.1817802207514872,0.3
0,100,400,0.9736495388669302,0.0941004543841047,1.0
0,250,1000,0.997364953886693,0.0195829215758365,3.0
0,500,2000,1.0,0.0105866482066051,3.0
0,full,4417,1.0,0.0015625845201637,3.0
1,50,200,0.9472990777338604,0.1601124862142731,1.0
1,100,400,0.9683794466403162,0.0998966571497566,0.3
1,250,1000,0.9868247694334652,0.0301548098538286,3.0
1,500,2000,0.997364953886693,0.0114690834954264,3.0
1,full,4417,0.9986824769433466,0.0014431129532651,3.0
2,50,200,0.924901185770751,0.2130829707433142,0.1
2,100,400,0.9736495388669302,0.0888950963642415,0.3
2,250,1000,0.9920948616600792,0.0544460236731828,0.3
2,500,2000,0.997364953886693,0.0040089163057464,3.0
2,full,4417,1.0,0.0013083225510681,3.0
3,50,200,0.9433465085639,0.1801208731994162,0.3
3,100,400,0.9710144927536232,0.081864194109159,1.0
3,250,1000,0.9960474308300395,0.0316805635282724,1.0
3,500,2000,0.9960474308300395,0.0073373363602429,3.0
3,full,4417,1.0,0.0005838927894627,3.0
4,50,200,0.9472990777338604,0.1846468564304261,0.1
4,100,400,0.9617918313570488,0.1255678502378184,0.3
4,250,1000,0.9868247694334652,0.0226856161215704,3.0
4,500,2000,0.9986824769433466,0.00458106432844,3.0
4,full,4417,1.0,0.0007450472464298,3.0
5,50,200,0.9288537549407114,0.1634217532248476,0.3
5,100,400,0.9776021080368906,0.0842082717394501,0.3
5,250,1000,0.997364953886693,0.0177471077606591,3.0
5,500,2000,1.0,0.0129109338435396,3.0
5,full,4417,1.0,0.0022589702035096,3.0
6,50,200,0.9367588932806324,0.2003716723776492,0.3
6,100,400,0.9657444005270092,0.1103438309682157,0.3
6,250,1000,0.9907773386034257,0.0394501707770556,3.0
6,500,2000,0.9986824769433466,0.00510999194515,3.0
6,full,4417,1.0,0.0010252495873036,3.0
7,50,200,0.9578392621870884,0.1658045444884308,0.3
7,100,400,0.9631093544137024,0.0994273664480187,0.3
7,250,1000,0.9960474308300395,0.0106410437718397,3.0
7,500,2000,1.0,0.017591327825777,3.0
7,full,4417,0.9986824769433466,0.0010132990925921,3.0
8,50,200,0.919631093544137,0.2387461309726696,0.1
8,100,400,0.9710144927536232,0.1205382819478994,1.0
8,250,1000,0.9881422924901184,0.0451056039335583,0.3
8,500,2000,0.994729907773386,0.0219781306769173,1.0
8,full,4417,0.997364953886693,0.0010346503034886,3.0
9,50,200,0.9130434782608696,0.2572342364993766,0.1
9,100,400,0.9644268774703556,0.0947160931293304,0.3
9,250,1000,0.9920948616600792,0.037151628901496,1.0
9,500,2000,0.9986824769433466,0.0097629642122207,3.0
9,full,4417,0.9986824769433466,0.0009635681037356,3.0
-1,1NN_full,4417,1.0,,
