scope,split_index,method,method_type,selected_single,preferred_method,validation_selected_single,validation_preferred_method,selection_metric,validation_loss,test_accuracy,test_balanced_accuracy,test_macro_f1,test_log_loss,test_ece
fixed,,resnet50,encoder,siglip2_b16,siglip2_b16,False,False,log_loss,0.31721415501649514,0.8909090909090909,0.8907279130122754,0.8896556300446491,0.3658463753315608,0.05198890998320485
fixed,,vgg16,encoder,siglip2_b16,siglip2_b16,False,False,log_loss,0.349094093126162,0.8854545454545455,0.886577709106712,0.8860310942495249,0.34211053236663835,0.023330891960734297
fixed,,inception_v3,encoder,siglip2_b16,siglip2_b16,False,False,log_loss,0.346938093474344,0.8781818181818182,0.8760920319239147,0.8768110928248257,0.3428225682677883,0.04338972108135718
fixed,,mobilenet_v2,encoder,siglip2_b16,siglip2_b16,False,False,log_loss,0.2719564009214574,0.9090909090909091,0.9096734789248371,0.908537446617437,0.31970813630042116,0.03370915970320582
fixed,,coco_deeplab,encoder,siglip2_b16,siglip2_b16,False,False,log_loss,1.5747040739834983,0.31272727272727274,0.2985661186176404,0.26487157089078844,1.5284550614195778,0.019046411215250924
fixed,,ade20k_segformer,encoder,siglip2_b16,siglip2_b16,False,False,log_loss,1.7617906222674378,0.42,0.40005860848655406,0.3914819534220116,1.52922590152482,0.061735518014111465
fixed,,dinov2_vitb14,encoder,siglip2_b16,siglip2_b16,False,False,log_loss,0.062313610524739146,0.9818181818181818,0.9820581771170007,0.9815495291856051,0.06582268332030759,0.007068955456715469
fixed,,siglip2_b16,encoder,siglip2_b16,siglip2_b16,True,True,log_loss,0.03965486104549669,0.9836363636363636,0.9838107032286599,0.9828254006799417,0.05969838540893679,0.008005952846494212
fixed,,convnext_b,encoder,siglip2_b16,siglip2_b16,False,False,log_loss,0.19605641713281785,0.9381818181818182,0.938103954927017,0.937281655066925,0.22360979748881515,0.02507270034922136
fixed,,vit_b16,encoder,siglip2_b16,siglip2_b16,False,False,log_loss,0.23956620744899784,0.9363636363636364,0.9372200376292905,0.9360428426458938,0.20682116519502375,0.017407945511243746
fixed,,linear_stack,combination,siglip2_b16,siglip2_b16,False,False,log_loss,0.04479375647665077,0.9836363636363636,0.9839159663865547,0.9830483237603215,0.07766477951082701,0.01145989770949979
