method,mae,rmse,correlation,within_five_years
resnet50,9.912405440614634,12.767850866848175,0.8561528498708885,0.3242320819112628
vgg16,11.201378032478416,14.336554704017958,0.8144225094831935,0.2901023890784983
inception_v3,9.797196037127884,12.889501147599727,0.8531302607619202,0.33515358361774744
mobilenet_v2,10.07908981934686,12.941288544764094,0.8519456511646271,0.31331058020477814
coco_deeplab,20.50691273595487,25.51827655988915,0.10764666871240192,0.14129692832764504
ade20k_segformer,28.991671020357384,315.8620735307937,0.033063666463395334,0.14061433447098975
dinov2_vitb14,5.907829694664852,8.053683800930447,0.9454631482587966,0.5610921501706485
siglip2_b16,4.786035031529857,6.799757386127328,0.9614992085851992,0.6511945392491467
convnext_b,8.933856246921048,11.735160687461242,0.880020711785809,0.36245733788395906
vit_b16,9.29783438662345,12.275977828569602,0.8680989783011601,0.3726962457337884
equal_average,9.618072805230678,33.326391196155846,0.4528313732733164,0.3597269624573379
linear_stack,4.86748781429475,9.051063309200627,0.9318685525759198,0.6511945392491467
greedy_average,4.786035031529857,6.799757386127328,0.9614992085851992,0.6511945392491467
feature_concatenation,7.616064163218373,94.52312347963499,0.2580432776682932,0.621160409556314
