split_index,selected_encoder,preferred_method,selected_within_five_years,preferred_within_five_years
0,siglip2_b16,linear_stack,0.6341296928327645,0.6409556313993174
1,siglip2_b16,linear_stack,0.6559726962457337,0.6593856655290102
2,siglip2_b16,linear_stack,0.6450511945392492,0.6750853242320819
3,siglip2_b16,linear_stack,0.658703071672355,0.6668941979522184
4,siglip2_b16,linear_stack,0.6621160409556314,0.6627986348122867
5,siglip2_b16,linear_stack,0.6368600682593857,0.6498293515358362
6,siglip2_b16,linear_stack,0.6614334470989761,0.668259385665529
7,siglip2_b16,linear_stack,0.6327645051194539,0.6409556313993174
8,siglip2_b16,linear_stack,0.6361774744027304,0.6525597269624573
9,siglip2_b16,linear_stack,0.6361774744027304,0.6511945392491467
10,siglip2_b16,linear_stack,0.658703071672355,0.6627986348122867
11,siglip2_b16,linear_stack,0.6655290102389079,0.6764505119453925
