dataset,scope,split_index,method,method_type,selected_single,preferred_method,validation_selected_single,validation_preferred_method,selection_metric,validation_loss,test_r2,test_mse,test_mae,test_correlation,test_calibration_slope,test_calibration_intercept,test_accuracy,test_balanced_accuracy,test_macro_f1,test_log_loss,test_ece,test_roc_auc,test_brier
toronto_houses,fixed,,resnet50,encoder,siglip2_b16,linear_stack,False,False,mse,0.1467714093752286,0.3964002479810797,0.1358309111432936,0.2911679581709203,0.6298412399457975,1.0118693035776902,-0.1745784666514218,,,,,,,
toronto_houses,fixed,,vgg16,encoder,siglip2_b16,linear_stack,False,False,mse,0.144812248671478,0.3868490517659286,0.1379802620667706,0.2933835149363943,0.6220439960385209,0.985008603573342,0.2111140827902407,,,,,,,
toronto_houses,fixed,,inception_v3,encoder,siglip2_b16,linear_stack,False,False,mse,0.1379710350885468,0.4199813429306219,0.1305243456550884,0.2860158449394452,0.6487028966730791,1.009797407079062,-0.1514025800026228,,,,,,,
toronto_houses,fixed,,mobilenet_v2,encoder,siglip2_b16,linear_stack,False,False,mse,0.1483090881278364,0.4194789242534907,0.1306374073097062,0.280696927056324,0.6476803251205286,0.9953253100657836,0.0663992407725846,,,,,,,
toronto_houses,fixed,,coco_deeplab,encoder,siglip2_b16,linear_stack,False,False,mse,0.2355951402716706,0.0083914104792114,0.2231463776477877,0.3875545365075923,0.1069400757463836,2.0027160676551325,-14.10074945560762,,,,,,,
toronto_houses,fixed,,ade20k_segformer,encoder,siglip2_b16,linear_stack,False,False,mse,0.2140992174651672,-0.1254376010340017,0.2532625539888878,0.3656994465949621,0.1761705042302079,0.3086062592727471,9.735360685603576,,,,,,,
toronto_houses,fixed,,dinov2_vitb14,encoder,siglip2_b16,linear_stack,False,False,mse,0.0897842784590562,0.6206632548463917,0.0853639444880535,0.2243695906492369,0.7881723009166283,0.9855799752763764,0.1933905101745434,,,,,,,
toronto_houses,fixed,,siglip2_b16,encoder,siglip2_b16,linear_stack,True,False,mse,0.0813580699730713,0.6286643004442358,0.0835634313002679,0.2199634862545544,0.7944290351521505,0.9594921487893304,0.5535670195125277,,,,,,,
toronto_houses,fixed,,convnext_b,encoder,siglip2_b16,linear_stack,False,False,mse,0.122692072160886,0.4848934898729778,0.1159168577726693,0.2655309220670811,0.6975501952084027,0.9483711740712514,0.71970539650866,,,,,,,
toronto_houses,fixed,,vit_b16,encoder,siglip2_b16,linear_stack,False,False,mse,0.1250396396042117,0.4481841504774153,0.1241777342904107,0.2751924928836574,0.6700959923822243,0.9609033480883598,0.5457087917816619,,,,,,,
toronto_houses,fixed,,equal_average,combination,siglip2_b16,linear_stack,False,False,mse,0.1160865788935637,0.5230277197536364,0.1073353314000818,0.2599143673013835,0.7603371773044878,1.4460855730254492,-6.284581040135635,,,,,,,
toronto_houses,fixed,,linear_stack,combination,siglip2_b16,linear_stack,False,True,mse,0.0755771290818871,0.658155577856036,0.0769268694590382,0.2099253794065681,0.8124079412302186,0.965681947512574,0.4684203608185964,,,,,,,
toronto_houses,fixed,,greedy_average,combination,siglip2_b16,linear_stack,False,False,mse,0.0773674235297005,0.6615189531332664,0.076169993189797,0.2103529167857889,0.8141645877736284,1.029238667062518,-0.425436397531703,,,,,,,
toronto_houses,fixed,,feature_concatenation,combination,siglip2_b16,linear_stack,False,False,mse,0.0968136651202529,0.5922877017306631,0.091749429606317,0.2369851898271018,0.7810788804160421,1.2042175550925842,-2.883452199934606,,,,,,,
obs_horses,fixed,,resnet50,encoder,dinov2_vitb14,feature_concatenation,False,False,mse,0.8672800452039693,0.0293232637875535,0.902150984350569,0.7463181278410725,0.1749815344207362,0.864720002722128,0.0275568103130078,,,,,,,
obs_horses,fixed,,vgg16,encoder,dinov2_vitb14,feature_concatenation,False,False,mse,0.866652391589311,0.0290938071035465,0.9023642423443172,0.7500863285643724,0.1715870473280749,1.086577832973485,0.0081367819954562,,,,,,,
obs_horses,fixed,,inception_v3,encoder,dinov2_vitb14,feature_concatenation,False,False,mse,0.8668947021189434,0.0350461562453271,0.8968321043656026,0.7436759974419912,0.1884360796862638,0.9234798336213904,0.0177211047661969,,,,,,,
obs_horses,fixed,,mobilenet_v2,encoder,dinov2_vitb14,feature_concatenation,False,False,mse,0.8531393819462549,0.0405084108986569,0.8917554622370366,0.7397593703232128,0.2017049212178626,0.9578524656259564,0.0116441735289955,,,,,,,
obs_horses,fixed,,coco_deeplab,encoder,dinov2_vitb14,feature_concatenation,False,False,mse,0.8869917836411076,0.001625626096806,0.9278932836915356,0.7604174174023557,0.0614945622603744,3.630004181708383,-0.1113225481303168,,,,,,,
obs_horses,fixed,,ade20k_segformer,encoder,dinov2_vitb14,feature_concatenation,False,False,mse,0.8875655016130071,0.0033072044269003,0.9263304178174891,0.7593498038056882,0.0612437962508153,0.8010578674791383,0.0231326197375106,,,,,,,
obs_horses,fixed,,dinov2_vitb14,encoder,dinov2_vitb14,feature_concatenation,True,False,mse,0.8101589358178207,0.1046078222922821,0.8321812034465235,0.7182877121482768,0.3251540727713533,0.9335207327443958,0.0256664050439956,,,,,,,
obs_horses,fixed,,siglip2_b16,encoder,dinov2_vitb14,feature_concatenation,False,False,mse,0.8503444133024045,0.0275022156044476,0.9038434740844316,0.7492452869531517,0.1704825598045563,0.8259730538406973,0.0235230599406455,,,,,,,
obs_horses,fixed,,convnext_b,encoder,dinov2_vitb14,feature_concatenation,False,False,mse,0.8635276543878238,0.0278941887925837,0.9034791725777366,0.7503473661955241,0.1676536728160996,1.0371069318770594,0.0111076106394307,,,,,,,
obs_horses,fixed,,vit_b16,encoder,dinov2_vitb14,feature_concatenation,False,False,mse,0.8727577446350296,0.0194569046336602,0.911320819467224,0.7543928945845048,0.1571455069806282,0.6862030055669196,0.0244195956465176,,,,,,,
obs_horses,fixed,,equal_average,combination,dinov2_vitb14,feature_concatenation,False,False,mse,0.8388309193569872,0.0573239859256801,0.8761269970672176,0.7372359500134001,0.2986531765582201,2.472890515739957,-0.0519974169901121,,,,,,,
obs_horses,fixed,,linear_stack,combination,dinov2_vitb14,feature_concatenation,False,False,mse,0.7970036017509801,0.111126557734788,0.8261226636909249,0.7161546757472633,0.3342104323891977,0.967527975603496,0.0215989394050888,,,,,,,
obs_horses,fixed,,greedy_average,combination,dinov2_vitb14,feature_concatenation,False,False,mse,0.8101589358178207,0.1046078222922821,0.8321812034465235,0.7182877121482768,0.3251540727713533,0.9335207327443958,0.0256664050439956,,,,,,,
obs_horses,fixed,,feature_concatenation,combination,dinov2_vitb14,feature_concatenation,False,True,mse,0.7968511102405441,0.1109264599287046,0.8263086354217701,0.7160483810167597,0.3349543516289439,1.0989755769628715,0.0141333109419594,,,,,,,
breakhis,fixed,,resnet50,encoder,vgg16,equal_average,False,False,log_loss,0.5548827777388148,,,,,,,0.895482728077945,0.8723828673560576,0.879515609738451,0.264077437645309,0.0176739325320854,0.9396570066811354,0.0803122022629404
breakhis,fixed,,vgg16,encoder,vgg16,equal_average,True,False,log_loss,0.4773849407166291,,,,,,,0.8777679362267493,0.8645882094273516,0.8626104040860094,0.2930082384444122,0.0167928746312985,0.94084145424628,0.0884270846658949
breakhis,fixed,,inception_v3,encoder,vgg16,equal_average,False,False,log_loss,0.5749598092977467,,,,,,,0.8379096545615589,0.8416173737889556,0.8246925647898546,0.3692996301373524,0.0106482496118074,0.9172056966963134,0.1171343279031674
breakhis,fixed,,mobilenet_v2,encoder,vgg16,equal_average,False,False,log_loss,0.6730037972858339,,,,,,,0.912311780336581,0.9053222122927216,0.9017605940192012,0.2386164470187835,0.0192872514506771,0.9578953714342454,0.0696266268653347
breakhis,fixed,,coco_deeplab,encoder,vgg16,equal_average,False,False,log_loss,0.7135565781927938,,,,,,,0.7280779450841453,0.6489123650651801,0.6576750350865237,0.6371634471504756,0.1713996389503779,0.7782139665517682,0.2223892395783356
breakhis,fixed,,ade20k_segformer,encoder,vgg16,equal_average,False,False,log_loss,0.7717804783665402,,,,,,,0.5093002657218778,0.5677245130998483,0.5090965315451075,0.7115617329734898,0.0924139663634846,0.5856579003361845,0.2490834000170799
breakhis,fixed,,dinov2_vitb14,encoder,vgg16,equal_average,False,False,log_loss,0.5578763696312269,,,,,,,0.8547387068201948,0.8507879767933387,0.8403442210188666,0.3384523981443734,0.0327889753729137,0.9306211611841638,0.103337388450117
breakhis,fixed,,siglip2_b16,encoder,vgg16,equal_average,False,False,log_loss,0.5708627088459826,,,,,,,0.8777679362267493,0.8510060711803339,0.8586722253668306,0.3181353969693881,0.0515239092563364,0.9298090698894989,0.0904681174913326
breakhis,fixed,,convnext_b,encoder,vgg16,equal_average,False,False,log_loss,0.5590633554965192,,,,,,,0.9096545615589016,0.8951888023603841,0.897341677364142,0.248923100059042,0.0157701577773994,0.9490474771976112,0.0707724949723766
breakhis,fixed,,vit_b16,encoder,vgg16,equal_average,False,False,log_loss,0.725082920700724,,,,,,,0.8644818423383526,0.8553466814190676,0.8493323459607127,0.3138761346094451,0.018599143750602,0.9256847809126628,0.0957861135278514
breakhis,fixed,,equal_average,combination,vgg16,equal_average,False,True,log_loss,0.4225254690362673,,,,,,,0.9309123117803366,0.9103827113210492,0.9199983284154832,0.2895749748250429,0.146659166956994,0.9720236322112998,0.075589382547739
breakhis,fixed,,linear_stack,combination,vgg16,equal_average,False,False,log_loss,0.4437884338404302,,,,,,,0.9300265721877768,0.9029302665361648,0.9177618263880244,0.2055550209680459,0.0401112579299494,0.969115707051364,0.0563969692277118
breakhis,fixed,,greedy_average,combination,vgg16,equal_average,False,False,log_loss,0.4496780636935857,,,,,,,0.924712134632418,0.9009993333049632,0.9123499244199056,0.2225335061629048,0.0633602205674553,0.9659347206264096,0.0632956948111635
breakhis,fixed,,feature_concatenation,combination,vgg16,equal_average,False,False,log_loss,0.7863349744205954,,,,,,,0.912311780336581,0.8835907910974935,0.897107112774272,0.3088882249821535,0.0474788314363059,0.9462494857937216,0.0722134451500795
pneumonia,fixed,,resnet50,encoder,convnext_b,feature_concatenation,False,False,log_loss,0.1874072841124812,,,,,,,0.9419134396355352,0.9455920008952255,0.9289530177276326,0.1195605564736491,0.0166518397150091,0.9917849878552104,0.0367447687271251
pneumonia,fixed,,vgg16,encoder,convnext_b,feature_concatenation,False,False,log_loss,0.1805005153130688,,,,,,,0.9510250569476082,0.950502577065108,0.9393664911291736,0.1355572412706028,0.0184369152204895,0.9878815405780788,0.0392866601264125
pneumonia,fixed,,inception_v3,encoder,convnext_b,feature_concatenation,False,False,log_loss,0.1663630828616651,,,,,,,0.938496583143508,0.937933213531073,0.9243204934204226,0.154839192886611,0.0152788057547191,0.9848601538998268,0.0455660960120275
pneumonia,fixed,,mobilenet_v2,encoder,convnext_b,feature_concatenation,False,False,log_loss,0.1613158264643988,,,,,,,0.9601366742596812,0.9633911938756032,0.9507685899438476,0.1267633149162319,0.0205874907276497,0.9908897621727654,0.0349351541967445
pneumonia,fixed,,coco_deeplab,encoder,convnext_b,feature_concatenation,False,False,log_loss,0.6077281704875944,,,,,,,0.7437357630979499,0.7367345326724462,0.7069699761037018,0.6449986905451971,0.1170861972498361,0.7992719708788352,0.1944116083430279
pneumonia,fixed,,ade20k_segformer,encoder,convnext_b,feature_concatenation,False,False,log_loss,0.486637736588233,,,,,,,0.8075170842824602,0.7604711783408045,0.7580498145204028,0.4768556947464075,0.0896422222433907,0.8557765095413943,0.1504527889497484
pneumonia,fixed,,dinov2_vitb14,encoder,convnext_b,feature_concatenation,False,False,log_loss,0.1447062247719897,,,,,,,0.9544419134396356,0.9555020175490564,0.9436663095016586,0.1028176941885238,0.0125519327989009,0.9943521791504571,0.0305252883325878
pneumonia,fixed,,siglip2_b16,encoder,convnext_b,feature_concatenation,False,False,log_loss,0.1567794444520753,,,,,,,0.9441913439635536,0.9418333695373132,0.9309060015192908,0.1240804192730563,0.0061095195731935,0.989731234819013,0.0374813102937122
pneumonia,fixed,,convnext_b,encoder,convnext_b,feature_concatenation,True,False,log_loss,0.1430365933791727,,,,,,,0.9646924829157176,0.9678409921206974,0.956287470348939,0.088619841708281,0.0118496016923983,0.9958398335933436,0.0259899002102704
pneumonia,fixed,,vit_b16,encoder,convnext_b,feature_concatenation,False,False,log_loss,0.1432225706832524,,,,,,,0.9362186788154896,0.9377028245686788,0.921894558925383,0.1463277454301118,0.0143614376786992,0.9870718879388086,0.0442552684881564
pneumonia,fixed,,equal_average,combination,convnext_b,feature_concatenation,False,False,log_loss,0.1777797974759162,,,,,,,0.9681093394077448,0.9701810857244416,0.9603701196118256,0.1586123230829468,0.0905920128722267,0.9958727463022572,0.0339372172151812
pneumonia,fixed,,linear_stack,combination,convnext_b,feature_concatenation,False,False,log_loss,0.1103724939821055,,,,,,,0.9738041002277904,0.9714218948504776,0.9670718682483388,0.0734576042878713,0.0136467106577517,0.996287446434566,0.0197030741908408
pneumonia,fixed,,greedy_average,combination,convnext_b,feature_concatenation,False,False,log_loss,0.1213732910972439,,,,,,,0.9772209567198178,0.9804103556547326,0.9716217613900812,0.089096408745369,0.0338882385852078,0.9969588656964,0.0236723268507771
pneumonia,fixed,,feature_concatenation,combination,convnext_b,feature_concatenation,False,True,log_loss,0.0940863200154687,,,,,,,0.979498861047836,0.9726627039765134,0.973922857595438,0.0698867128921024,0.0139003588796327,0.9964849226880468,0.0198886857857541
facial_age,fixed,,resnet50,encoder,siglip2_b16,linear_stack,False,False,mae,9.611767079259058,0.7329027452961434,163.01801575807568,9.912405440614634,0.8561528498708885,0.9989351284990704,0.2706776809738294,,,,,,,
facial_age,fixed,,vgg16,encoder,siglip2_b16,linear_stack,False,False,mae,10.536241570828825,0.6632377410925577,205.53680078129943,11.201378032478416,0.8144225094831935,0.9919017434590978,0.202409433347249,,,,,,,
facial_age,fixed,,inception_v3,encoder,siglip2_b16,linear_stack,False,False,mae,9.464904714706613,0.7277887683034078,166.13923983397467,9.797196037127884,0.8531302607619202,1.0012029912157487,0.1238877227377024,,,,,,,
facial_age,fixed,,mobilenet_v2,encoder,siglip2_b16,linear_stack,False,False,mae,9.914602571676689,0.7255969952206214,167.47694919884236,10.07908981934686,0.8519456511646271,0.9998771224418114,0.3652893887770432,,,,,,,
facial_age,fixed,,coco_deeplab,encoder,siglip2_b16,linear_stack,False,False,mae,20.03418950077808,-0.0669314115322319,651.1824385869883,20.50691273595487,0.1076466687124019,0.2775468725105462,21.18718977423632,,,,,,,
facial_age,fixed,,ade20k_segformer,encoder,siglip2_b16,linear_stack,False,False,mae,20.21783775796705,-162.4665081721358,99768.84949517254,28.991671020357384,0.0330636664633953,0.0025882689782521,29.294781057542835,,,,,,,
facial_age,fixed,,dinov2_vitb14,encoder,siglip2_b16,linear_stack,False,False,mae,5.682657462935575,0.8937269925955403,64.8618227653695,5.907829694664852,0.9454631482587964,1.0141275447439368,-0.4068177882100556,,,,,,,
facial_age,fixed,,siglip2_b16,encoder,siglip2_b16,linear_stack,True,False,mae,4.767892473376912,0.9242433683454694,46.23670051019315,4.786035031529857,0.9614992085851992,1.006343235204682,0.1659868453263904,,,,,,,
facial_age,fixed,,convnext_b,encoder,siglip2_b16,linear_stack,False,False,mae,8.770902574795732,0.7743621759156774,137.71399636053582,8.93385624692105,0.880020711785809,1.0092266226416906,-0.1937379419157672,,,,,,,
facial_age,fixed,,vit_b16,encoder,siglip2_b16,linear_stack,False,False,mae,9.25901313644657,0.7530858309693029,150.6996316475324,9.29783438662345,0.8680989783011599,1.0130858452461764,0.1065789631616027,,,,,,,
facial_age,fixed,,equal_average,combination,siglip2_b16,linear_stack,False,False,mae,8.652389871995021,-0.8197444245005057,1110.648350159214,9.618072805230677,0.4528313732733164,0.3092492733530886,20.59158311027195,,,,,,,
facial_age,fixed,,linear_stack,combination,siglip2_b16,linear_stack,False,True,mae,4.603736523276862,0.8657751192115481,81.9217470271578,4.86748781429475,0.9318685525759198,0.9481788869256982,1.5950970992391618,,,,,,,
facial_age,fixed,,greedy_average,combination,siglip2_b16,linear_stack,False,False,mae,4.767892473376912,0.9242433683454694,46.23670051019315,4.786035031529857,0.9614992085851992,1.006343235204682,0.1659868453263904,,,,,,,
facial_age,fixed,,feature_concatenation,combination,siglip2_b16,linear_stack,False,False,mae,5.124988868417478,-13.638950767042816,8934.620872346322,7.616064163218373,0.2580432776682932,0.0651806876913123,27.590136992403387,,,,,,,
rice_disease,fixed,,resnet50,encoder,dinov2_vitb14,feature_concatenation,False,False,log_loss,0.0223214001692168,,,,,,,0.997364953886693,0.9966442953020134,0.9971037206833536,0.0122577454153031,0.0080898218773717,,
rice_disease,fixed,,vgg16,encoder,dinov2_vitb14,feature_concatenation,False,False,log_loss,0.0410776310727549,,,,,,,0.9960474308300395,0.99631734006734,0.9956592237111334,0.0245299989921153,0.0114017319436327,,
rice_disease,fixed,,inception_v3,encoder,dinov2_vitb14,feature_concatenation,False,False,log_loss,0.0556933961012937,,,,,,,0.9802371541501976,0.9816975685264276,0.9796457212579502,0.0353047199884955,0.0137354364004022,,
rice_disease,fixed,,mobilenet_v2,encoder,dinov2_vitb14,feature_concatenation,False,False,log_loss,0.0126824238141161,,,,,,,0.9986824769433466,0.9987373737373736,0.9985309682062572,0.0067550385120139,0.0043631544232502,,
rice_disease,fixed,,coco_deeplab,encoder,dinov2_vitb14,feature_concatenation,False,False,log_loss,1.0820727000255974,,,,,,,0.5836627140974967,0.5687264024991734,0.5621967027888063,1.021599541147787,0.0663320871561735,,
rice_disease,fixed,,ade20k_segformer,encoder,dinov2_vitb14,feature_concatenation,False,False,log_loss,0.829096682898961,,,,,,,0.6469038208168643,0.6448584628414445,0.644581888265948,0.8030494545726538,0.0542809180071787,,
rice_disease,fixed,,dinov2_vitb14,encoder,dinov2_vitb14,feature_concatenation,True,False,log_loss,0.0006915063878954,,,,,,,1.0,1.0,1.0,0.0015923033593118,0.0013591893600161,,
rice_disease,fixed,,siglip2_b16,encoder,dinov2_vitb14,feature_concatenation,False,False,log_loss,0.0022649505774171,,,,,,,0.997364953886693,0.9966442953020134,0.9970545294037756,0.0052095068054031,0.0026689171779105,,
rice_disease,fixed,,convnext_b,encoder,dinov2_vitb14,feature_concatenation,False,False,log_loss,0.0045925150834085,,,,,,,1.0,1.0,1.0,0.0006088259025957,0.0006002512174182,,
rice_disease,fixed,,vit_b16,encoder,dinov2_vitb14,feature_concatenation,False,False,log_loss,0.0022912790882967,,,,,,,1.0,1.0,1.0,0.0012968567146208,0.0012838506216934,,
rice_disease,fixed,,equal_average,combination,dinov2_vitb14,feature_concatenation,False,False,log_loss,0.1242533415992445,,,,,,,1.0,1.0,1.0,0.116442888837773,0.1088894962801042,,
rice_disease,fixed,,linear_stack,combination,dinov2_vitb14,feature_concatenation,False,False,log_loss,0.0012932046933901,,,,,,,1.0,1.0,1.0,0.0009921473240407,0.0009915453063747,,
rice_disease,fixed,,greedy_average,combination,dinov2_vitb14,feature_concatenation,False,False,log_loss,0.0014438404122307,,,,,,,1.0,1.0,1.0,0.0027283060851795,0.0024043905534519,,
rice_disease,fixed,,feature_concatenation,combination,dinov2_vitb14,feature_concatenation,False,True,log_loss,0.0006589635550057,,,,,,,1.0,1.0,1.0,0.0005797004504888,0.0005791063684582,,
