dataset,encoder,test_r2,test_mse,test_mae,test_correlation,test_calibration_slope,test_calibration_intercept,within_five_years,seed_mae_sd,seed_count,seed_r2_sd,test_accuracy,test_balanced_accuracy,test_macro_f1,test_log_loss,test_ece,test_roc_auc,test_brier
toronto_houses,resnet50,0.4224814455193187,0.1299617357278336,0.2823679658050543,0.6502242464988424,0.9736307915271514,0.3711797988877876,,0.00210019536261,5,0.0059712157038002,,,,,,,
toronto_houses,vgg16,0.4143247641521956,0.1317972723699479,0.2832331678150479,0.6437460428918401,1.012416331828316,-0.172516107431111,,0.0013956611603584,5,0.005617655710565,,,,,,,
toronto_houses,inception_v3,0.4287882472803634,0.1285424862554183,0.2817045860949734,0.6552564149526183,0.9862577015561768,0.1830757634992075,,0.0011947084843453,5,0.0023946368033103,,,,,,,
toronto_houses,mobilenet_v2,0.4395091926915596,0.1261299011298455,0.2733551566398238,0.6629986491389716,0.9965985510379144,0.0513144408963857,,0.0010708773022358,5,0.0019254656156233,,,,,,,
toronto_houses,coco_deeplab,0.0138831593907261,0.2219105433785949,0.3857073595106826,0.1196601894755194,1.1460683038706403,-2.048197226735798,,0.0005584336477973,5,0.0014453118779803,,,,,,,
toronto_houses,ade20k_segformer,0.0107435109020976,0.2226170733489166,0.3714780030987956,0.1914130431602027,0.5558509672069479,6.264674808503153,,0.0080852010039214,5,0.3801244315978784,,,,,,,
toronto_houses,dinov2_vitb14,0.6478886671707706,0.0792372809997022,0.2147504512874951,0.80592308617113,1.052187592277295,-0.7370713008917651,,0.0016235457716307,5,0.0017263588076959,,,,,,,
toronto_houses,siglip2_b16,0.6385487978392836,0.0813390760335998,0.2163170199607406,0.7992243551412849,1.0003283496528548,-0.0115097401537607,,0.0018735330959139,5,0.0048648902707998,,,,,,,
toronto_houses,convnext_b,0.5053506040816633,0.1113132964672944,0.2588821290778392,0.7112134384389125,0.9703078957575456,0.4176720132633917,,0.0007696646670152,5,0.0048025002176906,,,,,,,
toronto_houses,vit_b16,0.4539703999916643,0.1228756271556844,0.2730660862908313,0.6741046088081724,0.9697696938015616,0.4244635556979901,,0.0011631368351812,5,0.0058841577180769,,,,,,,
obs_horses,resnet50,0.0348764441822908,0.8969898354608401,0.7444010887060557,0.1880187399905222,0.9602656416989488,0.0212109863983787,,0.0011075009120502,5,0.0018926843992997,,,,,,,
obs_horses,vgg16,0.027834585905559,0.90353456774813,0.750206082588658,0.1690648560772869,0.8685062660788819,0.0159339776733055,,0.0013547228435859,5,0.0052347746117669,,,,,,,
obs_horses,inception_v3,0.0312292064768711,0.900379593310548,0.7454181748350373,0.1778084307755415,1.0824342381964207,0.009954507515418,,0.0026184772178188,5,0.0063414891944889,,,,,,,
obs_horses,mobilenet_v2,0.0359088873571707,0.8960302784922263,0.7415691713822868,0.1906993708430222,0.905602920997816,0.0125249827856822,,0.0028505717628992,5,0.0056793410897218,,,,,,,
obs_horses,coco_deeplab,0.0024769668441498,0.927102044070165,0.7604059071080996,0.0610117525165872,2.2071210133440493,-0.0476462075655761,,0.0004320291169121,5,0.0004693472976072,,,,,,,
obs_horses,ade20k_segformer,0.0041516668946582,0.9255455708976922,0.7592184285144566,0.0685164872858678,1.3387079997004276,-0.0001383220385083,,0.002472945245764,5,0.0028600661165983,,,,,,,
obs_horses,dinov2_vitb14,0.1055875506942845,0.8312706398064474,0.7198426642695075,0.3255400789937226,0.9747365617407509,0.0182555902956896,,0.0014556010362868,5,0.0025870659341823,,,,,,,
obs_horses,siglip2_b16,0.0215895529284545,0.9093387272972504,0.7521557619747604,0.1603192923137957,0.7198328575552748,0.0270067806347677,,0.0022557942948971,5,0.0036411969739909,,,,,,,
obs_horses,convnext_b,0.0277199300064221,0.9036411294163036,0.7510794916000014,0.1678444672742133,0.900926914880778,0.0150740265931544,,0.0019113172441402,5,0.0045450955891003,,,,,,,
obs_horses,vit_b16,0.0224649567455466,0.9085251233590584,0.7520867296160096,0.1516750113074856,0.904855037379844,0.0204347083847016,,0.0020110533512793,5,0.0028659305434264,,,,,,,
breakhis,resnet50,,,,,,,,,5,,0.9034543844109832,0.8776561413960877,0.8877750996984197,0.2579742489106633,0.0207504990591794,0.937288111550846,0.076292028487091
breakhis,vgg16,,,,,,,,,5,,0.8813108945969885,0.8658754982481525,0.8658754982481525,0.2932342523529805,0.0364661403403525,0.9397669404371816,0.0875751450768844
breakhis,inception_v3,,,,,,,,,5,,0.83348095659876,0.8349149609203228,0.8194239316122973,0.3761363949447356,0.0309607676862888,0.9152623515894291,0.1187073867963089
breakhis,mobilenet_v2,,,,,,,,,5,,0.912311780336581,0.8998893569939146,0.9007049291739403,0.2400568581356114,0.019766855259707,0.955342071293814,0.0688264852478518
breakhis,coco_deeplab,,,,,,,,,5,,0.7209920283436669,0.6762184915670171,0.6790810493269577,0.6036226509239045,0.1035679623028774,0.7541101039760556,0.2071924394504867
breakhis,ade20k_segformer,,,,,,,,,5,,0.6784765279007972,0.5168003602990198,0.4408489040787508,0.6766323764290197,0.1588000320078678,0.5902077393364257,0.2418403014011486
breakhis,dinov2_vitb14,,,,,,,,,5,,0.8742249778565102,0.8680546689930069,0.8605969225204169,0.3153315879174831,0.0162354742984996,0.9341461338780374,0.0951254783096418
breakhis,siglip2_b16,,,,,,,,,5,,0.8928255093002657,0.862928564336071,0.8746408550288555,0.2893822048069291,0.0404626682233398,0.9330255188164036,0.0844993611428189
breakhis,convnext_b,,,,,,,,,5,,0.9309123117803366,0.9117409251457508,0.920238897463209,0.2273120063650151,0.0285621040015031,0.9512496985687332,0.0616037016680859
breakhis,vit_b16,,,,,,,,,5,,0.8963684676705048,0.875081563754486,0.8809763877437928,0.2899242211232647,0.0256206463252257,0.922283926975616,0.0839948070943689
pneumonia,resnet50,,,,,,,,,5,,0.9646924829157176,0.955873931159778,0.955268499116644,0.0904003518740031,0.0060690440185308,0.9933911280501851,0.0259453377989431
pneumonia,vgg16,,,,,,,,,5,,0.9510250569476082,0.9385355161041884,0.9379530794198612,0.1280772097956274,0.0114166842052057,0.9866308576393688,0.0358752484762262
pneumonia,inception_v3,,,,,,,,,5,,0.9498861047835992,0.9417445052232468,0.9370884006331546,0.1370735976772228,0.0148740863454992,0.9846034347703024,0.0386015343933949
pneumonia,mobilenet_v2,,,,,,,,,5,,0.9646924829157176,0.9611926249201868,0.9557329403977172,0.1015126868051738,0.0056065378994252,0.9918244831059064,0.02747595945395
pneumonia,coco_deeplab,,,,,,,,,5,,0.7642369020501139,0.7494454208548089,0.7251781655862566,0.4752376379284927,0.0165685876460755,0.8435263992838196,0.1579307017831722
pneumonia,ade20k_segformer,,,,,,,,,5,,0.816628701594533,0.7866565295523213,0.7757144285127225,0.4351175704108396,0.0526179297866172,0.8739179946944713,0.1385868354325521
pneumonia,dinov2_vitb14,,,,,,,,,5,,0.9624145785876992,0.955643542197384,0.9526323275291286,0.0891579742570378,0.0056451009244548,0.994477247444328,0.0271315098746531
pneumonia,siglip2_b16,,,,,,,,,5,,0.9658314350797268,0.9579836358011282,0.9567686449579832,0.1009417769088498,0.011672222906519,0.991396617890032,0.0280847512801278
pneumonia,convnext_b,,,,,,,,,5,,0.9681093394077448,0.9661920654041352,0.9600680908571132,0.0755780489229502,0.0089159086239257,0.9959517368036492,0.0220981401147765
pneumonia,vit_b16,,,,,,,,,5,,0.9533029612756264,0.9454142722670932,0.9413020260079084,0.1257554548856723,0.012987018808422,0.9863214781755828,0.0353888380629609
facial_age,resnet50,0.794235877402806,125.58443933535362,8.070615203769139,0.8916858301392905,1.031301853082193,-0.6223266468273287,0.4587030716723549,0.0737273497638748,5,0.0041196500856078,,,,,,,
facial_age,vgg16,0.741488417247083,157.77790497167396,9.118877069247231,0.861432257483451,1.0194965204193494,-0.1317940386822087,0.4238907849829351,0.188112687700114,5,0.0075980112614621,,,,,,,
facial_age,inception_v3,0.7793326932045134,134.6803303402105,8.16251556769705,0.8828794476636651,1.0099288626529703,-0.0855176147900884,0.4696245733788396,0.1158885068272299,5,0.0026834806060639,,,,,,,
facial_age,mobilenet_v2,0.7895823872722477,128.424613519377,8.197365604547704,0.8892884564124192,1.0313016036356273,-0.3359539766860564,0.4409556313993174,0.0399437603279216,5,0.0020373330486692,,,,,,,
facial_age,coco_deeplab,0.0704369392025006,567.3421310946322,17.371061094409708,0.3852627772001854,0.5798720403100995,12.204317776691028,0.1808873720136518,0.0943942166510315,5,0.0866142344961248,,,,,,,
facial_age,ade20k_segformer,-272.3503641347436,166834.4888733517,31.84547999024915,0.0323176935063644,0.0019552322213553,29.313222080725183,0.1399317406143344,3.111137417240303,5,169.3114062549839,,,,,,,
facial_age,dinov2_vitb14,0.9132694592794756,52.934428957576,4.962294337235116,0.9561648802337888,1.0297971290691166,-0.5002565417779614,0.6552901023890785,0.046920529217243,5,0.0008845594826722,,,,,,,
facial_age,siglip2_b16,0.9328921313528624,40.958083229793615,4.373568553066029,0.9663256442251944,1.0258083099747533,-0.3169787809940665,0.6887372013651877,0.0494686913840831,5,0.000465664986673,,,,,,,
facial_age,convnext_b,0.8183832477007044,110.84652525194824,7.523887530002101,0.9048853879275044,1.0157673104427782,-0.0763979329701278,0.4737201365187713,0.0685247053557725,5,0.0028419933884364,,,,,,,
facial_age,vit_b16,0.812015985016454,114.73266975668228,7.717759601627893,0.9018122345428048,1.0291889674846837,-0.2363467250498736,0.4539249146757679,0.1250193734231613,5,0.0035567872740539,,,,,,,
rice_disease,resnet50,,,,,,,,,5,,1.0,1.0,1.0,0.0022309251354868,0.0021102043199572,,
rice_disease,vgg16,,,,,,,,,5,,1.0,1.0,1.0,0.0057582516921013,0.0052877881731723,,
rice_disease,inception_v3,,,,,,,,,5,,1.0,1.0,1.0,0.0111869526196095,0.0087510251406021,,
rice_disease,mobilenet_v2,,,,,,,,,5,,1.0,1.0,1.0,0.0036728494574476,0.0034807230217118,,
rice_disease,coco_deeplab,,,,,,,,,5,,0.6429512516469038,0.6218274663265075,0.6250764383135929,0.9218800450279744,0.0933613278154061,,
rice_disease,ade20k_segformer,,,,,,,,,5,,0.7417654808959157,0.732861331435157,0.7375731754302317,0.668329120615789,0.0577605161738962,,
rice_disease,dinov2_vitb14,,,,,,,,,5,,1.0,1.0,1.0,0.0008948406996841,0.0008920996685638,,
rice_disease,siglip2_b16,,,,,,,,,5,,1.0,1.0,1.0,0.0023830685415083,0.0020429139464874,,
rice_disease,convnext_b,,,,,,,,,5,,1.0,1.0,1.0,0.0009053862471002,0.0009018697756465,,
rice_disease,vit_b16,,,,,,,,,5,,1.0,1.0,1.0,0.0010191034302034,0.0010146932462025,,
