dataset,split_index,selected_encoder,preferred_method,selected_test_primary,preferred_test_primary,oracle_test_encoder,oracle_regret,preferred_gain,test_outcomes_used_for_selection
toronto_houses,0,siglip2_b16,linear_stack,0.6665674280534497,0.6891186612596895,siglip2_b16,0.0,0.02255123320623975,False
toronto_houses,1,siglip2_b16,greedy_average,0.6561009763881791,0.6853517826783715,siglip2_b16,0.0,0.029250806290192388,False
toronto_houses,2,siglip2_b16,linear_stack,0.6227699792467747,0.6566087366808446,siglip2_b16,0.0,0.033838757434069944,False
toronto_houses,3,siglip2_b16,greedy_average,0.6297142726991203,0.6568258490245846,siglip2_b16,0.0,0.027111576325464348,False
toronto_houses,4,siglip2_b16,greedy_average,0.6820603615985716,0.7045999661938174,siglip2_b16,0.0,0.022539604595245732,False
toronto_houses,5,siglip2_b16,linear_stack,0.6614320353662795,0.6841291502163798,siglip2_b16,0.0,0.022697114850100286,False
toronto_houses,6,siglip2_b16,linear_stack,0.6665901635929262,0.7007543340619116,siglip2_b16,0.0,0.034164170468985344,False
toronto_houses,7,dinov2_vitb14,linear_stack,0.6220056626995241,0.6794380593956166,siglip2_b16,0.03223343900873599,0.05743239669609257,False
toronto_houses,8,siglip2_b16,linear_stack,0.6509475847096446,0.6841389706754014,siglip2_b16,0.0,0.03319138596575677,False
toronto_houses,9,siglip2_b16,linear_stack,0.6572950789666487,0.68300184782825,siglip2_b16,0.0,0.02570676886160128,False
toronto_houses,10,siglip2_b16,linear_stack,0.666099507662093,0.6966838440247232,siglip2_b16,0.0,0.030584336362630138,False
toronto_houses,11,siglip2_b16,linear_stack,0.6497733664493675,0.6662175474732438,siglip2_b16,0.0,0.016444181023876348,False
obs_horses,0,dinov2_vitb14,linear_stack,0.104918609945644,0.1227093000186126,dinov2_vitb14,0.0,0.0177906900729686,False
obs_horses,1,dinov2_vitb14,dinov2_vitb14,0.086113113307262,0.086113113307262,dinov2_vitb14,0.0,0.0,False
obs_horses,2,dinov2_vitb14,linear_stack,0.0852798945435872,0.0900778063463055,dinov2_vitb14,0.0,0.0047979118027182965,False
obs_horses,3,dinov2_vitb14,linear_stack,0.0948981456609689,0.0998832452715946,dinov2_vitb14,0.0,0.0049850996106257095,False
obs_horses,4,dinov2_vitb14,linear_stack,0.1193637283335422,0.1272837231148359,dinov2_vitb14,0.0,0.00791999478129371,False
obs_horses,5,dinov2_vitb14,feature_concatenation,0.08996874172873,-49.111954878724966,dinov2_vitb14,0.0,-49.2019236204537,False
obs_horses,6,dinov2_vitb14,feature_concatenation,0.1003941015063636,-0.0994353010984423,dinov2_vitb14,0.0,-0.19982940260480592,False
obs_horses,7,dinov2_vitb14,linear_stack,0.091102873823851,0.1050019349077711,dinov2_vitb14,0.0,0.013899061083920097,False
obs_horses,8,dinov2_vitb14,linear_stack,0.0807682858584453,0.0842764744604336,dinov2_vitb14,0.0,0.003508188601988302,False
obs_horses,9,dinov2_vitb14,feature_concatenation,0.1268083025176564,0.1292272365068613,dinov2_vitb14,0.0,0.0024189339892048967,False
obs_horses,10,dinov2_vitb14,linear_stack,0.122848658782473,0.1218255842849816,dinov2_vitb14,0.0,-0.001023074497491408,False
obs_horses,11,dinov2_vitb14,linear_stack,0.122397598616487,0.1400550218750132,dinov2_vitb14,0.0,0.017657423258526206,False
breakhis,0,vgg16,linear_stack,0.8476658476658476,0.9271089271089272,siglip2_b16,0.04422604422604426,0.0794430794430796,False
breakhis,1,vgg16,equal_average,0.8378378378378378,0.8805579773321709,resnet50,0.03400174367916309,0.042720139494333065,False
breakhis,2,mobilenet_v2,greedy_average,0.7847165160230074,0.8175842235004108,resnet50,0.020542317173377178,0.03286770747740342,False
breakhis,3,dinov2_vitb14,greedy_average,0.8289136013686912,0.88366124893071,resnet50,0.04020530367835762,0.054747647562018775,False
breakhis,4,mobilenet_v2,linear_stack,0.896551724137931,0.9154351395730708,siglip2_b16,0.031198686371100126,0.018883415435139717,False
breakhis,5,vgg16,equal_average,0.7786259541984732,0.8282442748091603,resnet50,0.03053435114503822,0.04961832061068705,False
breakhis,6,siglip2_b16,feature_concatenation,0.8398950131233596,0.8915135608048994,siglip2_b16,0.0,0.05161854768153984,False
breakhis,7,vgg16,equal_average,0.827212020033389,0.8781302170283807,siglip2_b16,0.011686143572620988,0.05091819699499167,False
breakhis,8,siglip2_b16,linear_stack,0.9339388934764656,0.9669694467382328,convnext_b,0.0305532617671348,0.03303055326176718,False
breakhis,9,dinov2_vitb14,linear_stack,0.8180300500834724,0.840567612687813,siglip2_b16,0.0116861435726211,0.02253756260434059,False
breakhis,10,coco_deeplab,equal_average,0.6887892376681615,0.8798206278026905,dinov2_vitb14,0.18744394618834082,0.19103139013452908,False
breakhis,11,dinov2_vitb14,linear_stack,0.7891666666666667,0.8766666666666667,siglip2_b16,0.060833333333333295,0.08750000000000002,False
pneumonia,0,convnext_b,feature_concatenation,0.9585201793721974,0.9697309417040358,convnext_b,0.0,0.011210762331838486,False
pneumonia,1,vit_b16,feature_concatenation,0.944254835039818,0.9726962457337884,convnext_b,0.012514220705346801,0.028441410693970437,False
pneumonia,2,dinov2_vitb14,feature_concatenation,0.9525959367945824,0.9717832957110608,convnext_b,0.0022573363431152016,0.01918735891647838,False
pneumonia,3,dinov2_vitb14,feature_concatenation,0.9413092550790068,0.9627539503386005,convnext_b,0.019187358916478603,0.021444695259593693,False
pneumonia,4,dinov2_vitb14,linear_stack,0.9601820250284414,0.9704209328782708,convnext_b,0.012514220705347023,0.010238907849829393,False
pneumonia,5,convnext_b,feature_concatenation,0.9470124013528748,0.9673055242390078,convnext_b,0.0,0.020293122886133053,False
pneumonia,6,convnext_b,feature_concatenation,0.9567198177676538,0.9715261958997722,convnext_b,0.0,0.01480637813211838,False
pneumonia,7,convnext_b,linear_stack,0.9591373439273552,0.9670828603859252,convnext_b,0.0,0.007945516458570001,False
pneumonia,8,convnext_b,feature_concatenation,0.9508571428571428,0.9691428571428572,dinov2_vitb14,0.0011428571428571122,0.01828571428571435,False
pneumonia,9,convnext_b,feature_concatenation,0.947250280583614,0.9696969696969696,dinov2_vitb14,0.0056116722783388084,0.022446689113355567,False
pneumonia,10,dinov2_vitb14,feature_concatenation,0.9511918274687856,0.9693530079455164,convnext_b,0.0011350737797956034,0.018161180476730765,False
pneumonia,11,vit_b16,feature_concatenation,0.9498289623717218,0.968072976054732,convnext_b,0.0022805017103761926,0.018244013683010207,False
facial_age,0,siglip2_b16,linear_stack,4.772633595235675,4.694648438398052,siglip2_b16,0.0,0.07798515683762286,False
facial_age,1,siglip2_b16,linear_stack,4.635876529913405,4.565175809947237,siglip2_b16,0.0,0.070700719966168,False
facial_age,2,siglip2_b16,linear_stack,4.763183400508246,4.574688245920683,siglip2_b16,0.0,0.18849515458756283,False
facial_age,3,siglip2_b16,linear_stack,4.651294736194068,4.539413857104066,siglip2_b16,0.0,0.11188087909000277,False
facial_age,4,siglip2_b16,linear_stack,4.617332386828054,4.475315637767664,siglip2_b16,0.0,0.14201674906039052,False
facial_age,5,siglip2_b16,linear_stack,4.827404202062327,4.737256283162247,siglip2_b16,0.0,0.09014791890008045,False
facial_age,6,siglip2_b16,linear_stack,4.756331543628832,4.647800707799457,siglip2_b16,0.0,0.10853083582937462,False
facial_age,7,siglip2_b16,linear_stack,4.9486601762232425,4.793941126838241,siglip2_b16,0.0,0.15471904938500192,False
facial_age,8,siglip2_b16,linear_stack,4.8307128981722185,4.680480626416387,siglip2_b16,0.0,0.1502322717558311,False
facial_age,9,siglip2_b16,linear_stack,4.810514897628416,4.708186868032876,siglip2_b16,0.0,0.10232802959554022,False
facial_age,10,siglip2_b16,linear_stack,4.792271863662894,4.675729164511946,siglip2_b16,0.0,0.11654269915094773,False
facial_age,11,siglip2_b16,linear_stack,4.732604937492867,4.561049702362559,siglip2_b16,0.0,0.1715552351303078,False
rice_disease,0,dinov2_vitb14,dinov2_vitb14,1.0,1.0,dinov2_vitb14,0.0,0.0,False
rice_disease,1,dinov2_vitb14,dinov2_vitb14,1.0,1.0,mobilenet_v2,0.0,0.0,False
rice_disease,2,convnext_b,feature_concatenation,1.0,0.9977653631284916,dinov2_vitb14,0.0,-0.0022346368715083775,False
rice_disease,3,siglip2_b16,siglip2_b16,1.0,1.0,dinov2_vitb14,0.0,0.0,False
rice_disease,4,dinov2_vitb14,dinov2_vitb14,0.9977578475336324,0.9977578475336324,mobilenet_v2,0.0022421524663676085,0.0,False
rice_disease,5,dinov2_vitb14,linear_stack,1.0,1.0,mobilenet_v2,0.0,0.0,False
rice_disease,6,siglip2_b16,feature_concatenation,0.9977011494252872,1.0,resnet50,0.0022988505747127963,0.0022988505747127963,False
rice_disease,7,dinov2_vitb14,dinov2_vitb14,1.0,1.0,dinov2_vitb14,0.0,0.0,False
rice_disease,8,convnext_b,feature_concatenation,1.0,1.0,dinov2_vitb14,0.0,0.0,False
rice_disease,9,dinov2_vitb14,feature_concatenation,1.0,1.0,dinov2_vitb14,0.0,0.0,False
rice_disease,10,convnext_b,feature_concatenation,1.0,1.0,dinov2_vitb14,0.0,0.0,False
rice_disease,11,siglip2_b16,feature_concatenation,1.0,0.9966517857142856,dinov2_vitb14,0.0,-0.0033482142857144126,False
